1,0,10004940,-83.59,-83.6
2,0.01,4997580,-75.71,-75.8
3,0.01,3328460,-70.91,-71.0
4,0.02,2493900,-67.38,-67.5
5,0.02,1993164,-64.58,-64.7
6,0.03,1659340,-62.24,-62.4
7,0.03,1420894.29,-60.23,-60.4
8,0.04,1242060,-58.46,-58.6
9,0.04,1102966.67,-56.88,-57.0
10,0.05,991692,-55.45,-55.6
11,0.05,900649.09,-54.14,-54.3
12,0.06,824780,-52.94,-53.1
13,0.06,760583.08,-51.81,-52.0
14,0.07,705557.14,-50.77,-50.9
15,0.07,657868,-49.78,-50.0
16,0.08,616140,-48.86,-49.0
17,0.08,579321.18,-47.98,-48.2
18,0.09,546593.33,-47.15,-47.3
19,0.09,517310.53,-46.35,-46.5
20,0.1,490956,-45.6,-45.8
21,0.1,467111.43,-44.87,-45.1
22,0.11,445434.55,-44.18,-44.4
23,0.11,425642.61,-43.51,-43.7
24,0.12,407500,-42.86,-43.1
25,0.12,390808.8,-42.24,-42.4
26,0.13,375401.54,-41.64,-41.8
27,0.13,361135.56,-41.06,-41.3
28,0.14,347888.57,-40.5,-40.7
29,0.14,335555.17,-39.96,-40.2
30,0.15,324044,-39.43,-39.6
31,0.15,313275.48,-38.91,-39.1
32,0.16,303180,-38.41,-38.6
33,0.16,293696.36,-37.93,-38.1
34,0.17,284770.59,-37.45,-37.7
35,0.17,276354.86,-36.99,-37.2
36,0.18,268406.67,-36.54,-36.7
37,0.18,260888.11,-36.1,-36.3
38,0.19,253765.26,-35.67,-35.9
39,0.19,247007.69,-35.25,-35.5
40,0.2,240588,-34.84,-35.0
41,0.2,234481.46,-34.43,-34.6
42,0.21,228665.71,-34.04,-34.3
43,0.21,223120.47,-33.65,-33.9
44,0.21,217827.27,-33.27,-33.5
45,0.22,212769.33,-32.9,-33.1
46,0.22,207931.3,-32.53,-32.8
47,0.23,203299.15,-32.18,-32.4
48,0.23,198860,-31.82,-32.0
49,0.24,194602.04,-31.48,-31.7
50,0.24,190514.4,-31.14,-31.4
51,0.25,186587.06,-30.8,-31.0
52,0.25,182810.77,-30.47,-30.7
53,0.26,179176.98,-30.15,-30.4
54,0.26,175677.78,-29.83,-30.1
55,0.27,172305.82,-29.51,-29.7
56,0.27,169054.29,-29.2,-29.4
57,0.28,165916.84,-28.9,-29.1
58,0.28,162887.59,-28.6,-28.8
59,0.29,159961.02,-28.3,-28.5
60,0.29,157132,-28.01,-28.2
61,0.3,154395.74,-27.72,-27.9
62,0.3,151747.74,-27.44,-27.7
63,0.31,149183.81,-27.15,-27.4
64,0.31,146700,-26.88,-27.1
65,0.32,144292.62,-26.6,-26.8
66,0.32,141958.18,-26.33,-26.6
67,0.33,139693.43,-26.07,-26.3
68,0.33,137495.29,-25.8,-26.0
69,0.34,135360.87,-25.54,-25.8
70,0.34,133287.43,-25.28,-25.5
71,0.35,131272.39,-25.03,-25.3
72,0.35,129313.33,-24.78,-25.0
73,0.36,127407.95,-24.53,-24.8
74,0.36,125554.05,-24.28,-24.5
75,0.37,123749.6,-24.04,-24.3
76,0.37,121992.63,-23.8,-24.0
77,0.38,120281.3,-23.56,-23.8
78,0.38,118613.85,-23.32,-23.6
79,0.39,116988.61,-23.09,-23.3
80,0.39,115404,-22.86,-23.1
81,0.4,113858.52,-22.63,-22.9
82,0.4,112350.73,-22.4,-22.6
83,0.41,110879.28,-22.18,-22.4
84,0.41,109442.86,-21.95,-22.2
85,0.42,108040.24,-21.73,-22.0
86,0.42,106670.23,-21.51,-21.8
87,0.42,105331.72,-21.3,-21.5
88,0.43,104023.64,-21.08,-21.3
89,0.43,102744.94,-20.87,-21.1
90,0.44,101494.67,-20.66,-20.9
91,0.44,100271.87,-20.45,-20.7
92,0.45,99075.65,-20.24,-20.5
93,0.45,97905.16,-20.04,-20.3
94,0.46,96759.57,-19.83,-20.1
95,0.46,95638.11,-19.63,-19.9
96,0.47,94540,-19.43,-19.7
97,0.47,93464.54,-19.23,-19.5
98,0.48,92411.02,-19.04,-19.3
99,0.48,91378.79,-18.84,-19.1
100,0.49,90367.2,-18.65,-18.9
101,0.49,89375.64,-18.45,-18.7
102,0.5,88403.53,-18.26,-18.5
103,0.5,87450.29,-18.07,-18.3
104,0.51,86515.38,-17.88,-18.1
105,0.51,85598.29,-17.7,-17.9
106,0.52,84698.49,-17.51,-17.8
107,0.52,83815.51,-17.33,-17.6
108,0.53,82948.89,-17.14,-17.4
109,0.53,82098.17,-16.96,-17.2
110,0.54,81262.91,-16.78,-17.0
111,0.54,80442.7,-16.6,-16.9
112,0.55,79637.14,-16.42,-16.7
113,0.55,78845.84,-16.25,-16.5
114,0.56,78068.42,-16.07,-16.3
115,0.56,77304.52,-15.89,-16.2
116,0.57,76553.79,-15.72,-16.0
117,0.57,75815.9,-15.55,-15.8
118,0.58,75090.51,-15.38,-15.6
119,0.58,74377.31,-15.21,-15.5
120,0.59,73676,-15.04,-15.3
121,0.59,72986.28,-14.87,-15.1
122,0.6,72307.87,-14.7,-15.0
123,0.6,71640.49,-14.54,-14.8
124,0.61,70983.87,-14.37,-14.6
125,0.61,70337.76,-14.21,-14.5
126,0.62,69701.9,-14.04,-14.3
127,0.62,69076.06,-13.88,-14.1
128,0.63,68460,-13.72,-14.0
129,0.63,67853.49,-13.56,-13.8
130,0.63,67256.31,-13.4,-13.7
131,0.64,66668.24,-13.24,-13.5
132,0.64,66089.09,-13.08,-13.3
133,0.65,65518.65,-12.93,-13.2
134,0.65,64956.72,-12.77,-13.0
135,0.66,64403.11,-12.61,-12.9
136,0.66,63857.65,-12.46,-12.7
137,0.67,63320.15,-12.31,-12.6
138,0.67,62790.43,-12.15,-12.4
139,0.68,62268.35,-12,-12.3
140,0.68,61753.71,-11.85,-12.1
141,0.69,61246.38,-11.7,-12.0
142,0.69,60746.2,-11.55,-11.8
143,0.7,60253.01,-11.4,-11.7
144,0.7,59766.67,-11.25,-11.5
145,0.71,59287.03,-11.1,-11.4
146,0.71,58813.97,-10.96,-11.2
147,0.72,58347.35,-10.81,-11.1
148,0.72,57887.03,-10.67,-10.9
149,0.73,57432.89,-10.52,-10.8
150,0.73,56984.8,-10.38,-10.6
151,0.74,56542.65,-10.23,-10.5
152,0.74,56106.32,-10.09,-10.4
153,0.75,55675.69,-9.95,-10.2
154,0.75,55250.65,-9.81,-10.1
155,0.76,54831.1,-9.66,-9.9
156,0.76,54416.92,-9.52,-9.8
157,0.77,54008.03,-9.38,-9.7
158,0.77,53604.3,-9.25,-9.5
159,0.78,53205.66,-9.11,-9.4
160,0.78,52812,-8.97,-9.2
161,0.79,52423.23,-8.83,-9.1
162,0.79,52039.26,-8.69,-9.0
163,0.8,51660,-8.56,-8.8
164,0.8,51285.37,-8.42,-8.7
165,0.81,50915.27,-8.29,-8.6
166,0.81,50549.64,-8.15,-8.4
167,0.82,50188.38,-8.02,-8.3
168,0.82,49831.43,-7.89,-8.2
169,0.83,49478.7,-7.75,-8.0
170,0.83,49130.12,-7.62,-7.9
171,0.83,48785.61,-7.49,-7.8
172,0.84,48445.12,-7.36,-7.6
173,0.84,48108.55,-7.23,-7.5
174,0.85,47775.86,-7.1,-7.4
175,0.85,47446.97,-6.97,-7.2
176,0.86,47121.82,-6.84,-7.1
177,0.86,46800.34,-6.71,-7.0
178,0.87,46482.47,-6.58,-6.9
179,0.87,46168.16,-6.45,-6.7
180,0.88,45857.33,-6.32,-6.6
181,0.88,45549.94,-6.2,-6.5
182,0.89,45245.93,-6.07,-6.4
183,0.89,44945.25,-5.94,-6.2
184,0.9,44647.83,-5.82,-6.1
185,0.9,44353.62,-5.69,-6.0
186,0.91,44062.58,-5.57,-5.8
187,0.91,43774.65,-5.44,-5.7
188,0.92,43489.79,-5.32,-5.6
189,0.92,43207.94,-5.19,-5.5
190,0.93,42929.05,-5.07,-5.4
191,0.93,42653.09,-4.95,-5.2
192,0.94,42380,-4.82,-5.1
193,0.94,42109.74,-4.7,-5.0
194,0.95,41842.27,-4.58,-4.9
195,0.95,41577.54,-4.46,-4.7
196,0.96,41315.51,-4.34,-4.6
197,0.96,41056.14,-4.22,-4.5
198,0.97,40799.39,-4.1,-4.4
199,0.97,40545.23,-3.98,-4.3
200,0.98,40293.6,-3.86,-4.1
201,0.98,40044.48,-3.74,-4.0
202,0.99,39797.82,-3.62,-3.9
203,0.99,39553.6,-3.5,-3.8
204,1,39311.76,-3.38,-3.7
205,1,39072.29,-3.27,-3.6
206,1.01,38835.15,-3.15,-3.4
207,1.01,38600.29,-3.03,-3.3
208,1.02,38367.69,-2.92,-3.2
209,1.02,38137.32,-2.8,-3.1
210,1.03,37909.14,-2.68,-3.0
211,1.03,37683.13,-2.57,-2.9
212,1.04,37459.25,-2.45,-2.7
213,1.04,37237.46,-2.34,-2.6
214,1.04,37017.76,-2.22,-2.5
215,1.05,36800.09,-2.11,-2.4
216,1.05,36584.44,-1.99,-2.3
217,1.06,36370.78,-1.88,-2.2
218,1.06,36159.08,-1.77,-2.1
219,1.07,35949.32,-1.65,-1.9
220,1.07,35741.45,-1.54,-1.8
221,1.08,35535.48,-1.43,-1.7
222,1.08,35331.35,-1.32,-1.6
223,1.09,35129.06,-1.2,-1.5
224,1.09,34928.57,-1.09,-1.4
225,1.1,34729.87,-0.98,-1.3
226,1.1,34532.92,-0.87,-1.2
227,1.11,34337.71,-0.76,-1.1
228,1.11,34144.21,-0.65,-0.9
229,1.12,33952.4,-0.54,-0.8
230,1.12,33762.26,-0.43,-0.7
231,1.13,33573.77,-0.32,-0.6
232,1.13,33386.9,-0.21,-0.5
233,1.14,33201.63,-0.1,-0.4
234,1.14,33017.95,0.01,-0.3
235,1.15,32835.83,0.12,-0.2
236,1.15,32655.25,0.23,-0.1
237,1.16,32476.2,0.34,0.0
238,1.16,32298.66,0.44,0.1
239,1.17,32122.59,0.55,0.3
240,1.17,31948,0.66,0.4
241,1.18,31774.85,0.77,0.5
242,1.18,31603.14,0.87,0.6
243,1.19,31432.84,0.98,0.7
244,1.19,31263.93,1.09,0.8
245,1.2,31096.41,1.19,0.9
246,1.2,30930.24,1.3,1.0
247,1.21,30765.43,1.41,1.1
248,1.21,30601.94,1.51,1.2
249,1.22,30439.76,1.62,1.3
250,1.22,30278.88,1.72,1.4
251,1.23,30119.28,1.83,1.5
252,1.23,29960.95,1.93,1.6
253,1.24,29803.87,2.04,1.7
254,1.24,29648.03,2.14,1.8
255,1.25,29493.41,2.25,1.9
256,1.25,29340,2.35,2.0
257,1.25,29187.78,2.45,2.2
258,1.26,29036.74,2.56,2.3
259,1.26,28886.87,2.66,2.4
260,1.27,28738.15,2.76,2.5
261,1.27,28590.57,2.87,2.6
262,1.28,28444.12,2.97,2.7
263,1.28,28298.78,3.07,2.8
264,1.29,28154.55,3.18,2.9
265,1.29,28011.4,3.28,3.0
266,1.3,27869.32,3.38,3.1
267,1.3,27728.31,3.48,3.2
268,1.31,27588.36,3.58,3.3
269,1.31,27449.44,3.69,3.4
270,1.32,27311.56,3.79,3.5
271,1.32,27174.69,3.89,3.6
272,1.33,27038.82,3.99,3.7
273,1.33,26903.96,4.09,3.8
274,1.34,26770.07,4.19,3.9
275,1.34,26637.16,4.29,4.0
276,1.35,26505.22,4.39,4.1
277,1.35,26374.22,4.49,4.2
278,1.36,26244.17,4.59,4.3
279,1.36,26115.05,4.69,4.4
280,1.37,25986.86,4.79,4.5
281,1.37,25859.57,4.89,4.6
282,1.38,25733.19,4.99,4.7
283,1.38,25607.7,5.09,4.8
284,1.39,25483.1,5.19,4.9
285,1.39,25359.37,5.29,5.0
286,1.4,25236.5,5.38,5.1
287,1.4,25114.49,5.48,5.2
288,1.41,24993.33,5.58,5.3
289,1.41,24873.01,5.68,5.4
290,1.42,24753.52,5.78,5.5
291,1.42,24634.85,5.88,5.6
292,1.43,24516.99,5.97,5.7
293,1.43,24399.93,6.07,5.8
294,1.44,24283.67,6.17,5.9
295,1.44,24168.2,6.27,6.0
296,1.45,24053.51,6.36,6.1
297,1.45,23939.6,6.46,6.1
298,1.46,23826.44,6.56,6.2
299,1.46,23714.05,6.65,6.3
300,1.46,23602.4,6.75,6.4
301,1.47,23491.5,6.85,6.5
302,1.47,23381.32,6.94,6.6
303,1.48,23271.88,7.04,6.7
304,1.48,23163.16,7.14,6.8
305,1.49,23055.15,7.23,6.9
306,1.49,22947.84,7.33,7.0
307,1.5,22841.24,7.42,7.1
308,1.5,22735.32,7.52,7.2
309,1.51,22630.1,7.62,7.3
310,1.51,22525.55,7.71,7.4
311,1.52,22421.67,7.81,7.5
312,1.52,22318.46,7.9,7.6
313,1.53,22215.91,8,7.7
314,1.53,22114.01,8.09,7.8
315,1.54,22012.76,8.19,7.9
316,1.54,21912.15,8.28,8.0
317,1.55,21812.18,8.38,8.1
318,1.55,21712.83,8.47,8.2
319,1.56,21614.11,8.57,8.2
320,1.56,21516,8.66,8.3
321,1.57,21418.5,8.75,8.4
322,1.57,21321.61,8.85,8.5
323,1.58,21225.33,8.94,8.6
324,1.58,21129.63,9.04,8.7
325,1.59,21034.52,9.13,8.8
326,1.59,20940,9.22,8.9
327,1.6,20846.06,9.32,9.0
328,1.6,20752.68,9.41,9.1
329,1.61,20659.88,9.5,9.2
330,1.61,20567.64,9.6,9.3
331,1.62,20475.95,9.69,9.4
332,1.62,20384.82,9.78,9.5
333,1.63,20294.23,9.88,9.6
334,1.63,20204.19,9.97,9.6
335,1.64,20114.69,10.06,9.7
336,1.64,20025.71,10.16,9.8
337,1.65,19937.27,10.25,9.9
338,1.65,19849.35,10.34,10.0
339,1.66,19761.95,10.43,10.1
340,1.66,19675.06,10.53,10.2
341,1.67,19588.68,10.62,10.3
342,1.67,19502.81,10.71,10.4
343,1.67,19417.43,10.8,10.5
344,1.68,19332.56,10.89,10.6
345,1.68,19248.17,10.99,10.7
346,1.69,19164.28,11.08,10.8
347,1.69,19080.86,11.17,10.8
348,1.7,18997.93,11.26,10.9
349,1.7,18915.47,11.35,11.0
350,1.71,18833.49,11.44,11.1
351,1.71,18751.97,11.54,11.2
352,1.72,18670.91,11.63,11.3
353,1.72,18590.31,11.72,11.4
354,1.73,18510.17,11.81,11.5
355,1.73,18430.48,11.9,11.6
356,1.74,18351.24,11.99,11.7
357,1.74,18272.44,12.08,11.8
358,1.75,18194.08,12.18,11.8
359,1.75,18116.16,12.27,11.9
360,1.76,18038.67,12.36,12.0
361,1.76,17961.61,12.45,12.1
362,1.77,17884.97,12.54,12.2
363,1.77,17808.76,12.63,12.3
364,1.78,17732.97,12.72,12.4
365,1.78,17657.59,12.81,12.5
366,1.79,17582.62,12.9,12.6
367,1.79,17508.07,12.99,12.7
368,1.8,17433.91,13.08,12.8
369,1.8,17360.16,13.17,12.8
370,1.81,17286.81,13.26,12.9
371,1.81,17213.85,13.35,13.0
372,1.82,17141.29,13.44,13.1
373,1.82,17069.12,13.53,13.2
374,1.83,16997.33,13.62,13.3
375,1.83,16925.92,13.71,13.4
376,1.84,16854.89,13.8,13.5
377,1.84,16784.24,13.89,13.6
378,1.85,16713.97,13.98,13.7
379,1.85,16644.06,14.07,13.7
380,1.86,16574.53,14.16,13.8
381,1.86,16505.35,14.25,13.9
382,1.87,16436.54,14.34,14.0
383,1.87,16368.09,14.43,14.1
384,1.88,16300,14.52,14.2
385,1.88,16232.26,14.61,14.3
386,1.88,16164.87,14.7,14.4
387,1.89,16097.83,14.79,14.5
388,1.89,16031.13,14.88,14.5
389,1.9,15964.78,14.97,14.6
390,1.9,15898.77,15.06,14.7
391,1.91,15833.09,15.15,14.8
392,1.91,15767.76,15.24,14.9
393,1.92,15702.75,15.32,15.0
394,1.92,15638.07,15.41,15.1
395,1.93,15573.72,15.5,15.2
396,1.93,15509.7,15.59,15.3
397,1.94,15445.99,15.68,15.3
398,1.94,15382.61,15.77,15.4
399,1.95,15319.55,15.86,15.5
400,1.95,15256.8,15.95,15.6
401,1.96,15194.36,16.04,15.7
402,1.96,15132.24,16.13,15.8
403,1.97,15070.42,16.21,15.9
404,1.97,15008.91,16.3,16.0
405,1.98,14947.7,16.39,16.1
406,1.98,14886.8,16.48,16.1
407,1.99,14826.19,16.57,16.2
408,1.99,14765.88,16.66,16.3
409,2,14705.87,16.75,16.4
410,2,14646.15,16.83,16.5
411,2.01,14586.72,16.92,16.6
412,2.01,14527.57,17.01,16.7
413,2.02,14468.72,17.1,16.8
414,2.02,14410.14,17.19,16.9
415,2.03,14351.86,17.28,16.9
416,2.03,14293.85,17.37,17.0
417,2.04,14236.12,17.45,17.1
418,2.04,14178.66,17.54,17.2
419,2.05,14121.48,17.63,17.3
420,2.05,14064.57,17.72,17.4
421,2.06,14007.93,17.81,17.5
422,2.06,13951.56,17.9,17.6
423,2.07,13895.46,17.98,17.6
424,2.07,13839.62,18.07,17.7
425,2.08,13784.05,18.16,17.8
426,2.08,13728.73,18.25,17.9
427,2.08,13673.68,18.34,18.0
428,2.09,13618.88,18.43,18.1
429,2.09,13564.34,18.51,18.2
430,2.1,13510.05,18.6,18.3
431,2.1,13456.01,18.69,18.3
432,2.11,13402.22,18.78,18.4
433,2.11,13348.68,18.87,18.5
434,2.12,13295.39,18.96,18.6
435,2.12,13242.34,19.04,18.7
436,2.13,13189.54,19.13,18.8
437,2.13,13136.98,19.22,18.9
438,2.14,13084.66,19.31,19.0
439,2.14,13032.57,19.4,19.1
440,2.15,12980.73,19.48,19.1
441,2.15,12929.12,19.57,19.2
442,2.16,12877.74,19.66,19.3
443,2.16,12826.59,19.75,19.4
444,2.17,12775.68,19.84,19.5
445,2.17,12724.99,19.93,19.6
446,2.18,12674.53,20.01,19.7
447,2.18,12624.3,20.1,19.8
448,2.19,12574.29,20.19,19.8
449,2.19,12524.5,20.28,19.9
450,2.2,12474.93,20.37,20.0
451,2.2,12425.59,20.45,20.1
452,2.21,12376.46,20.54,20.2
453,2.21,12327.55,20.63,20.3
454,2.22,12278.85,20.72,20.4
455,2.22,12230.37,20.81,20.5
456,2.23,12182.11,20.9,20.5
457,2.23,12134.05,20.98,20.6
458,2.24,12086.2,21.07,20.7
459,2.24,12038.56,21.16,20.8
460,2.25,11991.13,21.25,20.9
461,2.25,11943.9,21.34,21.0
462,2.26,11896.88,21.43,21.1
463,2.26,11850.06,21.51,21.2
464,2.27,11803.45,21.6,21.3
465,2.27,11757.03,21.69,21.3
466,2.28,11710.82,21.78,21.4
467,2.28,11664.8,21.87,21.5
468,2.29,11618.97,21.96,21.6
469,2.29,11573.35,22.04,21.7
470,2.29,11527.91,22.13,21.8
471,2.3,11482.68,22.22,21.9
472,2.3,11437.63,22.31,22.0
473,2.31,11392.77,22.4,22.0
474,2.31,11348.1,22.49,22.1
475,2.32,11303.62,22.57,22.2
476,2.32,11259.33,22.66,22.3
477,2.33,11215.22,22.75,22.4
478,2.33,11171.3,22.84,22.5
479,2.34,11127.56,22.93,22.6
480,2.34,11084,23.02,22.7
481,2.35,11040.62,23.11,22.8
482,2.35,10997.43,23.19,22.8
483,2.36,10954.41,23.28,22.9
484,2.36,10911.57,23.37,23.0
485,2.37,10868.91,23.46,23.1
486,2.37,10826.42,23.55,23.2
487,2.38,10784.11,23.64,23.3
488,2.38,10741.97,23.73,23.4
489,2.39,10700,23.81,23.5
490,2.39,10658.2,23.9,23.5
491,2.4,10616.58,23.99,23.6
492,2.4,10575.12,24.08,23.7
493,2.41,10533.83,24.17,23.8
494,2.41,10492.71,24.26,23.9
495,2.42,10451.76,24.35,24.0
496,2.42,10410.97,24.44,24.1
497,2.43,10370.34,24.53,24.2
498,2.43,10329.88,24.62,24.3
499,2.44,10289.58,24.7,24.3
500,2.44,10249.44,24.79,24.4
501,2.45,10209.46,24.88,24.5
502,2.45,10169.64,24.97,24.6
503,2.46,10129.98,25.06,24.7
504,2.46,10090.48,25.15,24.8
505,2.47,10051.13,25.24,24.9
506,2.47,10011.94,25.33,25.0
507,2.48,9972.9,25.42,25.1
508,2.48,9934.02,25.51,25.2
509,2.49,9895.28,25.6,25.2
510,2.49,9856.71,25.69,25.3
511,2.5,9818.28,25.78,25.4
512,2.5,9780,25.87,25.5
513,2.5,9741.87,25.96,25.6
514,2.51,9703.89,26.05,25.7
515,2.51,9666.06,26.14,25.8
516,2.52,9628.37,26.23,25.9
517,2.52,9590.83,26.32,26.0
518,2.53,9553.44,26.41,26.0
519,2.53,9516.18,26.5,26.1
520,2.54,9479.08,26.59,26.2
521,2.54,9442.11,26.68,26.3
522,2.55,9405.29,26.77,26.4
523,2.55,9368.6,26.86,26.5
524,2.56,9332.06,26.95,26.6
525,2.56,9295.66,27.04,26.7
526,2.57,9259.39,27.13,26.8
527,2.57,9223.26,27.22,26.9
528,2.58,9187.27,27.31,26.9
529,2.58,9151.42,27.4,27.0
530,2.59,9115.7,27.49,27.1
531,2.59,9080.11,27.58,27.2
532,2.6,9044.66,27.67,27.3
533,2.6,9009.34,27.76,27.4
534,2.61,8974.16,27.85,27.5
535,2.61,8939.1,27.95,27.6
536,2.62,8904.18,28.04,27.7
537,2.62,8869.39,28.13,27.8
538,2.63,8834.72,28.22,27.9
539,2.63,8800.19,28.31,27.9
540,2.64,8765.78,28.4,28.0
541,2.64,8731.5,28.49,28.1
542,2.65,8697.34,28.58,28.2
543,2.65,8663.31,28.68,28.3
544,2.66,8629.41,28.77,28.4
545,2.66,8595.63,28.86,28.5
546,2.67,8561.98,28.95,28.6
547,2.67,8528.45,29.04,28.7
548,2.68,8495.04,29.13,28.8
549,2.68,8461.75,29.23,28.9
550,2.69,8428.58,29.32,29.0
551,2.69,8395.54,29.41,29.0
552,2.7,8362.61,29.5,29.1
553,2.7,8329.8,29.59,29.2
554,2.71,8297.11,29.69,29.3
555,2.71,8264.54,29.78,29.4
556,2.71,8232.09,29.87,29.5
557,2.72,8199.75,29.96,29.6
558,2.72,8167.53,30.06,29.7
559,2.73,8135.42,30.15,29.8
560,2.73,8103.43,30.24,29.9
561,2.74,8071.55,30.33,30.0
562,2.74,8039.79,30.43,30.1
563,2.75,8008.13,30.52,30.2
564,2.75,7976.6,30.61,30.2
565,2.76,7945.17,30.71,30.3
566,2.76,7913.85,30.8,30.4
567,2.77,7882.65,30.89,30.5
568,2.77,7851.55,30.99,30.6
569,2.78,7820.56,31.08,30.7
570,2.78,7789.68,31.17,30.8
571,2.79,7758.91,31.27,30.9
572,2.79,7728.25,31.36,31.0
573,2.8,7697.7,31.46,31.1
574,2.8,7667.25,31.55,31.2
575,2.81,7636.9,31.64,31.3
576,2.81,7606.67,31.74,31.4
577,2.82,7576.53,31.83,31.5
578,2.82,7546.51,31.93,31.6
579,2.83,7516.58,32.02,31.6
580,2.83,7486.76,32.12,31.7
581,2.84,7457.04,32.21,31.8
582,2.84,7427.42,32.31,31.9
583,2.85,7397.91,32.4,32.0
584,2.85,7368.49,32.5,32.1
585,2.86,7339.18,32.59,32.2
586,2.86,7309.97,32.69,32.3
587,2.87,7280.85,32.78,32.4
588,2.87,7251.84,32.88,32.5
589,2.88,7222.92,32.97,32.6
590,2.88,7194.1,33.07,32.7
591,2.89,7165.38,33.16,32.8
592,2.89,7136.76,33.26,32.9
593,2.9,7108.23,33.36,33.0
594,2.9,7079.8,33.45,33.1
595,2.91,7051.46,33.55,33.2
596,2.91,7023.22,33.64,33.3
597,2.92,6995.08,33.74,33.4
598,2.92,6967.02,33.84,33.5
599,2.92,6939.07,33.93,33.6
600,2.93,6911.2,34.03,33.7
601,2.93,6883.43,34.13,33.7
602,2.94,6855.75,34.23,33.8
603,2.94,6828.16,34.32,33.9
604,2.95,6800.66,34.42,34.0
605,2.95,6773.26,34.52,34.1
606,2.96,6745.94,34.61,34.2
607,2.96,6718.71,34.71,34.3
608,2.97,6691.58,34.81,34.4
609,2.97,6664.53,34.91,34.5
610,2.98,6637.57,35.01,34.6
611,2.98,6610.7,35.1,34.7
612,2.99,6583.92,35.2,34.8
613,2.99,6557.23,35.3,34.9
614,3,6530.62,35.4,35.0
615,3,6504.1,35.5,35.1
616,3.01,6477.66,35.6,35.2
617,3.01,6451.31,35.7,35.3
618,3.02,6425.05,35.8,35.4
619,3.02,6398.87,35.89,35.5
620,3.03,6372.77,35.99,35.6
621,3.03,6346.76,36.09,35.7
622,3.04,6320.84,36.19,35.8
623,3.04,6294.99,36.29,35.9
624,3.05,6269.23,36.39,36.0
625,3.05,6243.55,36.49,36.1
626,3.06,6217.96,36.59,36.2
627,3.06,6192.44,36.69,36.3
628,3.07,6167.01,36.79,36.4
629,3.07,6141.65,36.9,36.5
630,3.08,6116.38,37,36.6
631,3.08,6091.19,37.1,36.7
632,3.09,6066.08,37.2,36.8
633,3.09,6041.04,37.3,36.9
634,3.1,6016.09,37.4,37.0
635,3.1,5991.21,37.5,37.1
636,3.11,5966.42,37.61,37.2
637,3.11,5941.7,37.71,37.3
638,3.12,5917.05,37.81,37.4
639,3.12,5892.49,37.91,37.5
640,3.13,5868,38.01,37.6
641,3.13,5843.59,38.12,37.7
642,3.13,5819.25,38.22,37.8
643,3.14,5794.99,38.32,37.9
644,3.14,5770.81,38.43,38.0
645,3.15,5746.7,38.53,38.1
646,3.15,5722.66,38.63,38.2
647,3.16,5698.7,38.74,38.3
648,3.16,5674.81,38.84,38.4
649,3.17,5651,38.94,38.6
650,3.17,5627.26,39.05,38.7
651,3.18,5603.59,39.15,38.8
652,3.18,5580,39.26,38.9
653,3.19,5556.48,39.36,39.0
654,3.19,5533.03,39.47,39.1
655,3.2,5509.65,39.57,39.2
656,3.2,5486.34,39.68,39.3
657,3.21,5463.11,39.78,39.4
658,3.21,5439.94,39.89,39.5
659,3.22,5416.84,39.99,39.6
660,3.22,5393.82,40.1,39.7
661,3.23,5370.86,40.21,39.8
662,3.23,5347.98,40.31,39.9
663,3.24,5325.16,40.42,40.0
664,3.24,5302.41,40.53,40.1
665,3.25,5279.73,40.63,40.2
666,3.25,5257.12,40.74,40.3
667,3.26,5234.57,40.85,40.5
668,3.26,5212.1,40.96,40.6
669,3.27,5189.69,41.06,40.7
670,3.27,5167.34,41.17,40.8
671,3.28,5145.07,41.28,40.9
672,3.28,5122.86,41.39,41.0
673,3.29,5100.71,41.5,41.1
674,3.29,5078.64,41.61,41.2
675,3.3,5056.62,41.72,41.3
676,3.3,5034.67,41.83,41.4
677,3.31,5012.79,41.93,41.5
678,3.31,4990.97,42.04,41.6
679,3.32,4969.22,42.15,41.8
680,3.32,4947.53,42.26,41.9
681,3.33,4925.9,42.38,42.0
682,3.33,4904.34,42.49,42.1
683,3.33,4882.84,42.6,42.2
684,3.34,4861.4,42.71,42.3
685,3.34,4840.03,42.82,42.4
686,3.35,4818.72,42.93,42.5
687,3.35,4797.47,43.04,42.6
688,3.36,4776.28,43.16,42.8
689,3.36,4755.15,43.27,42.9
690,3.37,4734.09,43.38,43.0
691,3.37,4713.08,43.49,43.1
692,3.38,4692.14,43.61,43.2
693,3.38,4671.26,43.72,43.3
694,3.39,4650.43,43.83,43.4
695,3.39,4629.67,43.95,43.5
696,3.4,4608.97,44.06,43.7
697,3.4,4588.32,44.18,43.8
698,3.41,4567.74,44.29,43.9
699,3.41,4547.21,44.4,44.0
700,3.42,4526.74,44.52,44.1
701,3.42,4506.33,44.63,44.2
702,3.43,4485.98,44.75,44.3
703,3.43,4465.69,44.87,44.5
704,3.44,4445.45,44.98,44.6
705,3.44,4425.28,45.1,44.7
706,3.45,4405.16,45.22,44.8
707,3.45,4385.09,45.33,44.9
708,3.46,4365.08,45.45,45.0
709,3.46,4345.13,45.57,45.2
710,3.47,4325.24,45.69,45.3
711,3.47,4305.4,45.8,45.4
712,3.48,4285.62,45.92,45.5
713,3.48,4265.89,46.04,45.6
714,3.49,4246.22,46.16,45.8
715,3.49,4226.6,46.28,45.9
716,3.5,4207.04,46.4,46.0
717,3.5,4187.53,46.52,46.1
718,3.51,4168.08,46.64,46.2
719,3.51,4148.68,46.76,46.3
720,3.52,4129.33,46.88,46.5
721,3.52,4110.04,47,46.6
722,3.53,4090.8,47.12,46.7
723,3.53,4071.62,47.24,46.8
724,3.54,4052.49,47.37,47.0
725,3.54,4033.41,47.49,47.1
726,3.54,4014.38,47.61,47.2
727,3.55,3995.41,47.74,47.3
728,3.55,3976.48,47.86,47.4
729,3.56,3957.61,47.98,47.6
730,3.56,3938.79,48.11,47.7
731,3.57,3920.03,48.23,47.8
732,3.57,3901.31,48.36,47.9
733,3.58,3882.65,48.48,48.1
734,3.58,3864.03,48.61,48.2
735,3.59,3845.47,48.73,48.3
736,3.59,3826.96,48.86,48.4
737,3.6,3808.49,48.98,48.6
738,3.6,3790.08,49.11,48.7
739,3.61,3771.72,49.24,48.8
740,3.61,3753.41,49.37,48.9
741,3.62,3735.14,49.49,49.1
742,3.62,3716.93,49.62,49.2
743,3.63,3698.76,49.75,49.3
744,3.63,3680.65,49.88,49.5
745,3.64,3662.58,50.01,49.6
746,3.64,3644.56,50.14,49.7
747,3.65,3626.59,50.27,49.8
748,3.65,3608.66,50.4,50.0
749,3.66,3590.79,50.53,50.1
750,3.66,3572.96,50.66,50.2
751,3.67,3555.18,50.79,50.4
752,3.67,3537.45,50.93,50.5
753,3.68,3519.76,51.06,50.6
754,3.68,3502.12,51.19,50.8
755,3.69,3484.53,51.33,50.9
756,3.69,3466.98,51.46,51.0
757,3.7,3449.48,51.59,51.2
758,3.7,3432.03,51.73,51.3
759,3.71,3414.62,51.86,51.4
760,3.71,3397.26,52,51.6
761,3.72,3379.95,52.13,51.7
762,3.72,3362.68,52.27,51.8
763,3.73,3345.45,52.41,52.0
764,3.73,3328.27,52.54,52.1
765,3.74,3311.14,52.68,52.3
766,3.74,3294.05,52.82,52.4
767,3.75,3277,52.96,52.5
768,3.75,3260,53.1,52.7
769,3.75,3243.04,53.24,52.8
770,3.76,3226.13,53.38,52.9
771,3.76,3209.26,53.52,53.1
772,3.77,3192.44,53.66,53.2
773,3.77,3175.65,53.8,53.4
774,3.78,3158.91,53.94,53.5
775,3.78,3142.22,54.09,53.7
776,3.79,3125.57,54.23,53.8
777,3.79,3108.96,54.37,53.9
778,3.8,3092.39,54.52,54.1
779,3.8,3075.87,54.66,54.2
780,3.81,3059.38,54.81,54.4
781,3.81,3042.94,54.95,54.5
782,3.82,3026.55,55.1,54.7
783,3.82,3010.19,55.24,54.8
784,3.83,2993.88,55.39,55.0
785,3.83,2977.61,55.54,55.1
786,3.84,2961.37,55.69,55.3
787,3.84,2945.18,55.84,55.4
788,3.85,2929.04,55.98,55.5
789,3.85,2912.93,56.13,55.7
790,3.86,2896.86,56.29,55.8
791,3.86,2880.83,56.44,56.0
792,3.87,2864.85,56.59,56.2
793,3.87,2848.9,56.74,56.3
794,3.88,2833,56.89,56.5
795,3.88,2817.13,57.05,56.6
796,3.89,2801.31,57.2,56.8
797,3.89,2785.52,57.36,56.9
798,3.9,2769.77,57.51,57.1
799,3.9,2754.07,57.67,57.2
800,3.91,2738.4,57.82,57.4
801,3.91,2722.77,57.98,57.5
802,3.92,2707.18,58.14,57.7
803,3.92,2691.63,58.3,57.9
804,3.93,2676.12,58.46,58.0
805,3.93,2660.65,58.62,58.2
806,3.94,2645.21,58.78,58.3
807,3.94,2629.81,58.94,58.5
808,3.95,2614.46,59.1,58.7
809,3.95,2599.13,59.26,58.8
810,3.96,2583.85,59.42,59.0
811,3.96,2568.61,59.59,59.1
812,3.96,2553.4,59.75,59.3
813,3.97,2538.23,59.92,59.5
814,3.97,2523.1,60.08,59.6
815,3.98,2508,60.25,59.8
816,3.98,2492.94,60.42,60.0
817,3.99,2477.92,60.59,60.1
818,3.99,2462.93,60.76,60.3
819,4,2447.99,60.93,60.5
820,4,2433.07,61.1,60.6
821,4.01,2418.2,61.27,60.8
822,4.01,2403.36,61.44,61.0
823,4.02,2388.55,61.61,61.2
824,4.02,2373.79,61.79,61.3
825,4.03,2359.05,61.96,61.5
826,4.03,2344.36,62.14,61.7
827,4.04,2329.7,62.31,61.9
828,4.04,2315.07,62.49,62.0
829,4.05,2300.48,62.67,62.2
830,4.05,2285.93,62.85,62.4
831,4.06,2271.41,63.03,62.6
832,4.06,2256.92,63.21,62.8
833,4.07,2242.47,63.39,62.9
834,4.07,2228.06,63.57,63.1
835,4.08,2213.68,63.75,63.3
836,4.08,2199.33,63.94,63.5
837,4.09,2185.02,64.12,63.7
838,4.09,2170.74,64.31,63.9
839,4.1,2156.5,64.5,64.0
840,4.1,2142.29,64.68,64.2
841,4.11,2128.11,64.87,64.4
842,4.11,2113.97,65.06,64.6
843,4.12,2099.86,65.25,64.8
844,4.12,2085.78,65.45,65.0
845,4.13,2071.74,65.64,65.2
846,4.13,2057.73,65.83,65.4
847,4.14,2043.75,66.03,65.6
848,4.14,2029.81,66.23,65.8
849,4.15,2015.9,66.42,66.0
850,4.15,2002.02,66.62,66.2
851,4.16,1988.18,66.82,66.4
852,4.16,1974.37,67.02,66.6
853,4.17,1960.59,67.22,66.8
854,4.17,1946.84,67.43,67.0
855,4.17,1933.12,67.63,67.2
856,4.18,1919.44,67.84,67.4
857,4.18,1905.79,68.04,67.6
858,4.19,1892.17,68.25,67.8
859,4.19,1878.58,68.46,68.0
860,4.2,1865.02,68.67,68.2
861,4.2,1851.5,68.88,68.4
862,4.21,1838,69.09,68.6
863,4.21,1824.54,69.31,68.8
864,4.22,1811.11,69.52,69.1
865,4.22,1797.71,69.74,69.3
866,4.23,1784.34,69.96,69.5
867,4.23,1771,70.18,69.7
868,4.24,1757.7,70.4,69.9
869,4.24,1744.42,70.62,70.1
870,4.25,1731.17,70.85,70.4
871,4.25,1717.96,71.07,70.6
872,4.26,1704.77,71.3,70.8
873,4.26,1691.62,71.53,71.0
874,4.27,1678.49,71.76,71.3
875,4.27,1665.39,71.99,71.5
876,4.28,1652.33,72.22,71.7
877,4.28,1639.29,72.46,72.0
878,4.29,1626.29,72.69,72.2
879,4.29,1613.31,72.93,72.4
880,4.3,1600.36,73.17,72.7
881,4.3,1587.45,73.41,72.9
882,4.31,1574.56,73.65,73.2
883,4.31,1561.7,73.9,73.4
884,4.32,1548.87,74.15,73.7
885,4.32,1536.07,74.39,73.9
886,4.33,1523.3,74.64,74.2
887,4.33,1510.55,74.9,74.4
888,4.34,1497.84,75.15,74.7
889,4.34,1485.15,75.41,74.9
890,4.35,1472.49,75.66,75.2
891,4.35,1459.87,75.92,75.4
892,4.36,1447.26,76.19,75.7
893,4.36,1434.69,76.45,76.0
894,4.37,1422.15,76.71,76.2
895,4.37,1409.63,76.98,76.5
896,4.38,1397.14,77.25,76.8
897,4.38,1384.68,77.53,77.0
898,4.38,1372.25,77.8,77.3
899,4.39,1359.84,78.08,77.6
900,4.39,1347.47,78.36,77.9
901,4.4,1335.12,78.64,78.1
902,4.4,1322.79,78.92,78.4
903,4.41,1310.5,79.21,78.7
904,4.41,1298.23,79.5,79.0
905,4.42,1285.99,79.79,79.3
906,4.42,1273.77,80.08,79.6
907,4.43,1261.59,80.38,79.9
908,4.43,1249.43,80.68,80.2
909,4.44,1237.29,80.98,80.5
910,4.44,1225.19,81.28,80.8
911,4.45,1213.11,81.59,81.1
912,4.45,1201.05,81.9,81.4
913,4.46,1189.03,82.22,81.7
914,4.46,1177.02,82.53,82.0
915,4.47,1165.05,82.85,82.3
916,4.47,1153.1,83.17,82.7
917,4.48,1141.18,83.5,83.0
918,4.48,1129.28,83.83,83.3
919,4.49,1117.41,84.16,83.6
920,4.49,1105.57,84.5,84.0
921,4.5,1093.75,84.83,84.3
922,4.5,1081.95,85.18,84.7
923,4.51,1070.18,85.52,85.0
924,4.51,1058.44,85.87,85.4
925,4.52,1046.72,86.23,85.7
926,4.52,1035.03,86.58,86.1
927,4.53,1023.37,86.95,86.4
928,4.53,1011.72,87.31,86.8
929,4.54,1000.11,87.68,87.2
930,4.54,988.52,88.05,87.5
931,4.55,976.95,88.43,87.9
932,4.55,965.41,88.81,88.3
933,4.56,953.89,89.2,88.7
934,4.56,942.4,89.59,89.1
935,4.57,930.93,89.99,89.5
936,4.57,919.49,90.39,89.9
937,4.58,908.07,90.8,90.3
938,4.58,896.67,91.21,90.7
939,4.58,885.3,91.62,91.1
940,4.59,873.96,92.05,91.5
941,4.59,862.64,92.47,91.9
942,4.6,851.34,92.91,92.4
943,4.6,840.06,93.34,92.8
944,4.61,828.81,93.79,93.2
945,4.61,817.59,94.24,93.7
946,4.62,806.38,94.7,94.1
947,4.62,795.21,95.16,94.6
948,4.63,784.05,95.63,95.1
949,4.63,772.92,96.11,95.6
950,4.64,761.81,96.59,96.0
951,4.64,750.73,97.08,96.5
952,4.65,739.66,97.58,97.0
953,4.65,728.63,98.09,97.5
954,4.66,717.61,98.6,98.0
955,4.66,706.62,99.12,98.6
956,4.67,695.65,99.65,99.1
957,4.67,684.7,100.19,99.6
958,4.68,673.78,100.74,100.2
959,4.68,662.88,101.3,100.7
960,4.69,652,101.87,101.3
961,4.69,641.14,102.44,101.9
962,4.7,630.31,103.03,102.5
963,4.7,619.5,103.63,103.1
964,4.71,608.71,104.24,103.7
965,4.71,597.95,104.86,104.3
966,4.72,587.2,105.49,104.9
967,4.72,576.48,106.14,105.6
968,4.73,565.79,106.8,106.2
969,4.73,555.11,107.47,106.9
970,4.74,544.45,108.15,107.6
971,4.74,533.82,108.85,108.3
972,4.75,523.21,109.56,109.0
973,4.75,512.62,110.29,109.7
974,4.76,502.05,111.04,110.4
975,4.76,491.51,111.8,111.2
976,4.77,480.98,112.58,112.0
977,4.77,470.48,113.38,112.8
978,4.78,460,114.2,113.6
979,4.78,449.54,115.04,114.4
980,4.79,439.1,115.9,115.3
981,4.79,428.69,116.79,116.2
982,4.79,418.29,117.69,117.1
983,4.8,407.91,118.62,118.0
984,4.8,397.56,119.58,119.0
985,4.81,387.23,120.57,119.9
986,4.81,376.92,121.58,120.9
987,4.82,366.63,122.63,122.0
988,4.82,356.36,123.71,123.1
989,4.83,346.11,124.82,124.2
990,4.83,335.88,125.97,125.3
991,4.84,325.67,127.16,126.5
992,4.84,315.48,128.4,127.7
993,4.85,305.32,129.67,129.0
994,4.85,295.17,131,130.3
995,4.86,285.05,132.38,131.7
996,4.86,274.94,133.81,133.1
997,4.87,264.85,135.31,134.6
998,4.87,254.79,136.87,136.2
999,4.88,244.74,138.5,137.8
1000,4.88,234.72,140.21,139.5
1001,4.89,224.72,142,141.3
1002,4.89,214.73,143.89,143.2
1003,4.9,204.77,145.88,145.2
1004,4.9,194.82,147.99,147.3
1005,4.91,184.9,150.22,149.5
1006,4.91,174.99,152.59,151.8
1007,4.92,165.1,155.12,154.4
1008,4.92,155.24,157.84,157.1
1009,4.93,145.39,160.76,160.0
1010,4.93,135.56,163.92,163.1
1011,4.94,125.76,167.36,166.6
1012,4.94,115.97,171.13,170.3
1013,4.95,106.2,175.3,174.4
1014,4.95,96.45,179.94,179.1
1015,4.96,86.72,185.16,184.3
1016,4.96,77.01,191.14,190.2
1017,4.97,67.32,198.08,197.1
1018,4.97,57.64,206.34,205.3
1019,4.98,47.99,216.45,215.4
1020,4.98,38.35,229.37,228.3
1021,4.99,28.74,247,245.8
1022,4.99,19.14,273.89,272.5
1023,5,9.56,326.52,324.8
